10,20,30,40,50,60,70,80,90,100,110,120,130,140,150,160,170,180,190,200,210,220,230,240,250,260,270,280,290,300,310,320,330,340,350,360,370,380,390,400,410,420,430,440,450,460,470,480,490,500,510,520,530,540,550,560,570,580,590,600,610,620,630,640,650,660,670,680,690,700,710,720,730,740,750,760,770,780,790,800,810,820,830,840,850,860,870,880,890,900,910,920,930,940,950,960,970,980,990,1000
8223729,35459408,47470413,32131132,55672115,61033087,94261052,61168399,79248676,121704532,93921092,118598428,154189632,166967237,165990828,201062192,200324915,216093958,226359361,310599901,364087079,301211545,411653785,321256204,318345479,422124803,498184427,364398138,453473989,474198007,591912191,465775200,601561651,767463041,593236498,561004355,609655534,766697806,977480663,717771030,1166087923,1120091827,1252729529,1164898812,1399046955,1062443410,1695118009,1543131472,1754155951,1156772048,1219049781,1802183860,1620011392,1297363270,1505520423,1890096192,1509398233,1660582665,1729281913,2056675156,2218980705,1984783095,2452719729,2904664960,2024179452,2960802732,2868769452,2321569011,2217633837,3897817343,2465752386,2349190143,2455181446,2664822027,2592105107,4203112029,3299412678,4795812332,3324885077,3254762744,3705267841,3353603897,5028916552,5259116623,4073123692,5443568734,6012596125,5787549356,4275134686,6285442853,6118515238,6290219020,6363778870,6857272382,6918287748,6657687558,6872670514,5063904963,5190147727,7558064656
7782646,42140575,33042212,30135391,48021838,80598792,69186697,72218731,85557819,81462281,102893225,102254443,130394083,147611403,180173796,170211799,236313813,244812154,255475217,268185650,291771841,324983444,347165995,491434197,327313045,339121640,547735068,520911486,427913652,534553390,623590667,552434411,487382937,740032442,802423842,695983337,593550803,874391899,949227516,736066873,722695267,964281157,996314660,948577390,998790027,1347386238,1380963817,1506874316,1452940590,1141894833,1161961151,1237912014,1917915512,1733678509,1372787726,2285213568,1620538120,1920090909,1957971627,1637881571,1702607952,2552478727,2064920927,2702907901,2153748067,2141829573,2765356887,2271024227,2383934914,2317409140,2614145374,2483313033,3881219696,2784131329,4207956240,2695485166,4083997983,3375811393,3160032182,3480627409,3502847009,4941799771,3921195379,3805434345,3808967535,5513589023,5241907441,5537360542,4142339217,5941245065,4523967737,4589436214,4715787831,4664733849,4851198496,6984391974,4979339717,7041645039,5207393730,5337144599
10362753,44701289,24232116,28727032,46180594,60410270,53830636,67042895,87369034,96160267,144323657,160686205,136022649,224717797,254828700,271312209,301093955,240049957,228749669,288604577,300626341,276198983,294516632,490615277,368348476,331602317,360322577,377297248,418065522,404063001,605745961,814906336,567536689,620990794,654550714,551417268,945596906,758152958,949393306,1096163644,1004261453,1048580946,810431081,1176983375,1003659134,992899425,1031780153,1547114166,1596989401,1358053565,1730605451,1617646332,1751807115,1581068985,1465595593,1391030248,2097998317,1546134703,1566708607,1834034135,2000759882,2635953799,1862179857,2745455190,1959011105,2971896377,2858170661,3185841605,3663871193,2277370221,2354521972,2553350399,2582097872,2841180661,4109041752,2723372763,2874598725,3585414554,3210343254,3390323127,4547795161,3756259676,3685905277,4787163432,5328980833,4028726912,5569058533,3874895505,5780295763,5834551000,6002189545,4554654435,4530577554,4805592316,6600724732,7298686738,4928963803,7284719458,7512561242,7657493706
8218209,30579801,48635681,38841519,36246460,51259219,63838032,72709527,81309699,101107549,155240644,165923320,156795262,218842454,245054140,289425134,289683092,230724898,317348302,251665473,275031411,312846446,373963272,432550083,429007349,337006122,484895043,499462696,437216088,575267158,437393608,580896395,516400252,883714539,685661863,686147463,896547508,748804530,674894744,804499713,754993169,1130500259,1137303640,1173853196,901011991,1003457898,1214105741,1319796146,1213948007,1671053766,1124685033,1266238628,1490015743,1329364983,1785575067,1413795658,1928552654,2281850389,2387824859,1766796609,1866732643,2581601691,2035451772,2509436065,3135939191,3577062820,2688332677,2609160117,2573567157,2764066981,2487713819,3801395946,3990476896,3190972052,2613015182,3851113903,3161909572,4210298230,3107729998,3773163230,4605847644,3704018811,5313857022,5167854796,4015010341,3852530747,5245358021,5573020498,4761395412,5863366121,4411521918,6304237941,4474838930,4938599098,5032215998,4998976905,7256098294,5257429964,5442535647,7708643631
10369987,28249270,30091015,34382627,45059920,50260396,89186869,75375312,79606548,122584199,107368106,156117208,180212675,232396540,227986299,245034659,345619301,305525555,318994533,264295416,268539102,358569859,333322477,341812278,327039418,400240737,361466777,433607434,561206848,584030310,690804436,557609458,761394517,637368077,820004219,972666140,589410409,867640413,858862122,733854808,948017874,918412625,1191731604,1237828016,1050670111,1271491002,1024618229,1060249163,1233247374,1501743738,1782366252,1681638335,1447346617,1830969937,1348160139,2278258523,1971576042,1659225421,1669783639,1756453392,1912447375,2568626145,2036625874,2301067585,3145760703,2675580862,2975084708,3152238991,2362962843,2435057977,3031034160,3701719290,2516957766,3004385582,2746357466,3986239640,4062115299,3021747270,4395582921,3606971697,4419785862,3576446498,4995677123,3504967328,5077344219,3845110728,4026256729,4132756368,4146324972,6026764091,4230096648,4436261943,6252760839,4807990335,4852762181,6993376805,7106378877,5562967323,7530509903,8005986802
12590801,25017144,27901049,41825091,47406543,47002751,84241616,64674540,77948745,87024337,100032729,140262869,197543888,138243937,177950517,189934558,195260897,326034607,254614963,270780345,320682688,389000765,298463260,348725550,399208345,344433985,409930316,605164111,549904829,580697808,434840934,658865447,639986878,670718899,1024687605,638185719,669762496,616646041,664786381,748094804,741329116,1102437399,1408254503,1245757494,1011599345,1482069858,1165084669,1102487700,1515452898,1128370867,1205603814,1560232969,2122393082,1690845957,1714502793,1391999810,2164771841,2315910843,2057704653,2330893220,1730729399,2209229234,2036121495,2008430468,2995847211,2269201156,2916376391,2875714491,3383893573,2383077507,2379853416,3262627819,2582579994,2763066009,2750969813,3735683143,3015485418,4335615870,3150055670,3359738154,4694276481,4842625130,4781359051,5199157155,4961949603,3877895190,4051740513,4025350725,5776741872,4471208450,6069919300,6601538644,4655960529,5010133661,4858592765,7052644156,5298958009,5357600478,7476442875,7478864618
12373426,18311418,23562989,32182390,38677025,43404471,63802412,60930774,74727620,94390131,92348476,107349117,136745507,153648782,169742367,176912462,194929040,227990731,233404602,246465573,264748082,375972866,295730372,299999766,457875662,477027396,365810139,527898940,541920978,403191613,608989148,571404705,605280840,732179117,785534014,550512774,591066260,779639214,801820496,886714827,1019636014,953017634,945820971,1146106763,1202785262,989637890,939313642,1418932223,1621174699,1642623528,1178561135,1836232936,1697961011,1456033685,2057777479,1405819864,1819037871,2165287237,2318850007,1829079725,1749689698,2018750638,2487389926,2190733310,2939260014,2116102686,2401593361,2899082112,2543349074,3262323462,2310319737,3713753818,3620444775,4005316095,2915522296,2810906386,4027982893,4404845396,4378734221,3402741487,4754648523,4617027593,3781924667,5337053822,3738280555,4005236132,5577433894,4258858535,4149665871,4287385939,4534812248,4313268748,6485067012,4564605819,6910898401,5219421645,5082542238,7146110428,7607428832,7374107558
10695315,17453407,23006356,38288439,35461735,54610127,56647035,65352564,78239993,88744971,99968895,110375929,127123133,163218150,183529702,178932873,210520605,228572255,226964675,293747045,288248256,323635154,442632226,311699627,530889791,468033175,558660481,588380270,578160418,463212564,430460846,815303906,491511859,611880405,695080433,677750267,746378483,703829025,679973415,904741739,924920149,980339378,900511982,1186252772,1448021384,1245842623,1045902383,1461224580,1423593289,1374493433,1745795560,1656734882,1954392483,1948192166,1958956445,1958404709,2048320148,1563317902,2668490124,1596077191,1696403628,2566004423,2700476081,3021519561,2755802007,2388476970,2365348619,2458919250,3629417877,2621629841,3393158115,2507192892,2846675978,2912463812,2884333380,4013229044,2802740502,2982438531,4322831092,4295667663,3367378087,4844112386,4794893348,3647031996,5506905700,5318215306,5698634046,4392551758,4226976542,4256818399,4425020754,4675089541,4625391500,6475450941,6862769697,7108279176,5139480037,5179363553,7376969566,5390715672
12137246,20036089,22193432,33202378,40544395,52549867,56675700,94308315,112549555,89834469,93832081,104464916,139323639,144767821,157271369,180786013,223570017,232866504,241281202,266732135,342127263,306186226,406685956,402390166,546036198,552489102,500094254,386729431,437572846,531266143,436109814,593007397,721994489,646444676,566187950,872366557,733682075,774145504,837341474,911216377,744320543,805736703,1115203568,1219448917,1369645598,1799068689,1104051238,1508602258,1315064363,1536031699,1145143658,1914046903,1496881769,1543612711,1999289147,1858372929,1764356263,2020755546,1467932844,1668615991,1684769974,2801270360,2124426106,2111621949,2727750363,2112842963,2145711605,2451293626,2295583932,2368427274,3409776213,2709077546,3769173084,2770724839,2731052429,2844022047,4242892680,3070155123,4427011623,4409713824,3432325600,4902208765,5063782666,5124236360,5297233777,5465691114,3754858207,5692989779,4450308392,4217792544,6215362930,4727690301,6299099087,5030535388,6755150714,4839114388,7164437429,7920023835,7465960985,5533935304
18158898,21361272,25632962,34485071,43778903,48700415,63114825,63186304,83890645,118265328,103515953,123310518,113852858,155362295,184566861,195268980,190981407,207109810,250970292,306724259,288335838,306854066,452281530,343908049,318092922,378085086,488568717,474167115,394130445,405971631,626136353,542787911,605561495,626364218,654294413,831833879,602853620,595431094,816010370,894025267,847322893,983655722,971426027,1261943417,1737618292,1094094847,1500225365,1140006518,1399189275,1310470323,1252762174,2004884065,1858584253,1946247205,2307715486,1578640884,1421811620,2449028669,1588680468,1622723355,1751852185,1781718612,1991188663,2518678023,1964819768,2963950229,2943986028,3150949091,2518367791,2364760514,2697522433,2578403493,3588478228,3895889496,2527991270,2747885031,4078083132,3124092131,3421179188,3265697968,4766431847,3634482724,5137111766,5194218358,3940333300,5428991578,3956968836,3999221501,5916893284,4309871217,6088193218,4547585289,6421450704,6452121904,4879261010,6909249769,5249178802,5211731648,7390628525,5666241473
10699811,19787919,29627433,32186344,51618104,70740709,53924312,68249853,66209868,129744124,105873532,121067199,149304023,155587507,162251264,173986921,210598314,212806421,229595707,376464952,290677135,326634096,403193378,311264215,372037347,347873663,443363862,382724353,381465003,404269338,427542052,456899424,580193214,520483697,561689305,551428922,583074074,604244995,864938154,898177533,748181005,994313632,806064373,1217621055,980787541,1002759682,1407661403,1721632104,1105851051,1252871063,1620834836,1236618506,2127902954,2088193071,1924480908,1824442697,1461417790,1854246171,2313196093,3335673884,2377755960,2525354105,1946975784,3108389312,2015551949,1956069992,2946455392,3035365276,2244814259,2401571716,2337399544,3495639689,3656144354,4006266052,3763804581,3952788164,3018631008,4384693602,4632902323,3612722340,4549296730,3515231179,4857182031,3811701575,4867527671,5317055675,3845618512,5790778054,5641859759,5745369776,6045683501,6236218740,6553618759,4851016835,5009064085,5093859150,5120766510,7146140214,7394341785,5252229224
8520877,19954030,28426227,31757368,43859023,78031322,61629301,68746118,83123834,80364430,104134184,117965210,114414133,152339572,169858775,179141431,194007839,229962305,263891206,302716537,398809074,307501183,317093101,476791437,370059405,423467486,405530960,379349246,424396769,494719255,507132895,522699000,739272406,616384533,549556767,710740370,593374780,794652972,853178047,1024814490,759718608,802921719,803175919,1008164074,1419376153,1538349162,1030268494,1004250274,1379338997,1184620668,1448999770,1791422779,1572183844,1840292077,2382906051,2259749020,2018898053,2180193928,2067474322,1743026092,2654786146,2143939054,2627356839,2082546220,2767467214,2924147266,2878750426,2954421279,2305735361,3184676798,3266655846,3853384912,2725918329,2648367767,2753774287,3937447727,2932643469,3262489872,3107976511,4543679270,4826915812,3603937483,3850170400,3437184405,5379704367,5161392788,3837393744,5485817046,5764746209,5768894983,5986710574,6130129552,6365186503,4614775058,4697857301,6907189392,4945766036,7461564999,7402964018,5490711852
8524473,22710052,28085315,35530168,47097063,56554225,62017759,57367126,80515991,86122963,88336142,101970070,141872357,167342305,176603443,178992202,229129244,213862606,255555528,271970815,403282784,309719673,324175463,430587875,459185138,340988426,360170239,510957698,402384064,602271759,522750072,575386138,591215535,618641485,524162310,642388459,746689280,612672103,850889730,817151828,830258963,957055377,1035662996,1172544190,1116997896,1316389468,1623786442,1076448342,1576053802,1115998495,1251321928,1255254442,1759279299,1272118673,1368741518,1455310843,2214783096,1899546009,2246916596,2712391007,1789074237,1802134727,2674664809,2146942331,2149067551,2121635211,2100202738,2318964684,2208166219,2321803096,2444156945,2470598640,2532547581,3735113309,2824244586,3803045611,3179400766,4301053357,3181796307,4676358645,3729073662,5028236576,5473909978,4944965702,5342399682,5127184877,3871078480,3923504387,4200173830,5825876367,4501538776,4618681386,6394686746,4746064805,6744590988,5069725883,5039286005,5184675853,5301958119,5440984830
8167624,17327206,24780960,36241032,49821799,51432659,54028417,68677424,77511142,95428108,146787146,115047996,128838897,225121754,160988927,175693014,188345311,246846866,227830017,248282647,372939748,309055313,314005761,437195673,379500843,341327442,490462691,379687902,431972163,410560267,429424353,561680055,492767132,528705154,655746837,555863259,731587787,610841771,808598387,742850280,750664809,995203331,1009280153,961927281,984331195,1024464964,1064029574,1030218602,1231914637,1595725787,1817953298,2141450308,2008701789,1275319229,2252930458,2165727314,1672020602,1633819086,1764260607,1839794423,2012823991,2491455114,2606610483,2046320086,2723577605,1997645872,2899625802,3018720529,2350045790,2602126712,2696328481,2472809887,2681036202,2707869170,2898717184,4119441890,2996671010,4075521405,3186939197,3179747911,4394517388,3456625832,4693048342,3535319993,5328169327,3752526817,5308430130,4004881601,5605668186,5653337464,4353641208,4626253919,4488605361,4778705285,4835939573,6706911371,5356291304,7338550995,5339955349,5809115613
10328318,15868926,22482118,36293103,40412372,52723342,79108847,70500894,108499350,87227598,90837265,103271213,140214188,225451716,163643254,194952870,212365925,207491742,238626053,272537924,388590195,309269913,330212704,347497115,375558698,352458158,408765432,433695510,433117376,485397793,440307905,455038531,603773735,510602109,520658930,635561227,593394459,611869568,859837455,878391854,940446475,1004607601,1441001182,930301865,1056870339,1030072012,1596457460,1070567476,1679668063,1288999442,1174562032,1554988104,1429397004,1361301863,1701116810,2326404828,2072089342,1674221974,1654369136,1628990502,2593692429,2394098296,2955771622,2736156122,2954683724,3175740353,2371318435,3040221808,3169021363,2438924376,2518591058,3447473434,3644886856,3598051353,4066692468,4289498778,3959461783,3172732917,3515598464,3262138672,3479403868,4811998595,3752246219,3889067963,4888130969,5347047193,5297848938,4283617658,5638889321,4388989452,6053753936,6319150082,4768893003,5005332060,4998291655,6844203364,4970980985,5142668882,7518144976,5267147680
13606967,16815437,28876375,28291829,35007044,47900321,85074610,73896981,77791465,87372433,102600954,108629677,116899642,167784839,169155681,198417855,213105508,214748915,223388539,273210480,272618101,287935879,390007411,307646015,366103086,429444930,367172698,382794592,396543509,547762961,516781078,470344407,606065398,518880309,527753150,547571855,895891766,600052894,776965896,875529113,746182568,808753047,1045684192,1432892995,1036515798,1011930904,1259238254,1094761317,1199502480,1218589052,1151524632,1480454253,1636163995,1847757927,2175496085,1437281119,2306648079,1527685970,1740440317,2611126234,2556272703,1930678854,1884706229,3155007746,2593141786,3000051581,2136624062,3149425553,3130153027,3198544181,3391809929,2754124220,3903146074,2842110424,2705609869,2830893644,2959845674,4225025595,3401969323,3323457375,4337797248,4701284191,5023090937,5289182624,3934798050,5276243660,4089420156,5730184254,4095851753,5826243875,5882294331,6277705604,6325878332,6528389907,6670067227,4949202895,5112486892,7113399432,5202071602,7400287607
13609046,18887008,26818521,34203714,40125999,43263805,51093293,75809404,70117869,84975951,91976870,97990960,140961255,158249948,175427640,192525855,213144768,207499749,230652615,283457349,263700926,277814037,336588340,304856239,444425086,343313929,503364503,375488079,728156484,416881510,425881376,457783741,756014021,510216673,525047632,851638863,607249372,782218505,1013759848,1053336589,1082952367,958809015,864504358,911252343,1001625389,928737487,1340351263,1222436703,1083034125,1132228497,1747177409,1223076211,1365978855,1588815951,1344389053,1393384935,1398163439,1476340552,2420939715,2241832193,1694987292,2454001907,1922289804,2648174269,2237542828,2246976414,2382430610,2985374753,2140255839,2401346679,2649570253,2607187467,2564982711,2803269605,2919129116,2830203284,4097394238,3239382267,3321856008,3283067039,3390300435,4798032169,4771151971,3805009394,3979134089,5054991214,3958778245,5852170080,5980265530,5984045803,6083611991,6412595611,4648784428,5032098258,4663145208,5198477900,6900409086,5095735659,7675610634,7357621068
12747750,17764430,29132042,34335786,45793924,57466598,67509280,63276987,82474531,88809917,100794233,169218508,120137362,179832632,160728132,191414667,188470620,210903462,243912772,247979146,298717110,319593709,293186165,315883323,366366627,391711013,406077201,394850886,429698010,412056353,517955303,546201251,601217813,846738067,688844356,696042251,899287246,788646907,856511376,855355313,858770133,802667807,1117563843,821278586,985741095,1635800940,1457892923,1757264380,1118974543,1190805815,1552431043,1197913426,1309672591,2373377118,1981110164,1958196596,1526598302,1517129555,1701917285,1784796499,2667480594,2608313043,2507410779,2769477329,2822140366,2041202457,2369568453,3055574073,2568166059,2581002559,3490964337,2502871940,2557828831,2797979195,2828850025,3067773113,2883697674,3089301234,4551692664,4791804152,4469556103,3367196909,4756715713,3538841484,3572219570,5538422339,3922089015,3923784234,4128403972,5949502841,4208532753,6010710061,6106577752,6472463799,6582804640,5262712401,4956779220,7039958101,5445364897,7349104396
11290891,16983042,28359979,36371328,44860998,49639195,59576544,60934518,75125479,90160823,95445640,110683099,141629983,160075655,165255824,202907546,194685639,209844714,245521318,271871665,266691394,337318599,291880043,352202413,368343621,344205910,412752142,380290548,401513067,492911788,505476513,455864816,594254256,622413893,522553041,700336584,580214509,808127305,679076188,722532183,810305042,777218625,882233535,1076295275,1739530195,1301761372,1542292613,1132769753,1097200327,1465396715,1859981276,1270953519,1376186262,1272467091,2056547388,1833619649,2381876723,1522474508,2071437556,1603027102,1774715694,2518824251,2578193632,2126469616,2108132754,2252127536,2956537790,2497010546,2234054353,3408614093,2768861469,2418961581,2825805190,2854142024,2777434611,3797308134,4228329322,4194732694,3049795232,3112048941,4357783359,4852120133,4921219912,5376702433,3926932535,4063851287,3889273380,5874654630,5785225811,4532156111,6066204376,6208995370,6349859001,6644830071,6575212079,4813466097,6865942024,7079982838,7287561685,5588386700
12808173,20636570,25780763,42214333,50351138,46340444,55610355,69436000,71063064,120475591,103791028,112905398,113491992,168196191,165789349,191960309,223427200,213914520,244180335,250704342,263453225,278290297,300965616,315136848,328192502,503784605,362962017,527543821,388113126,606114151,435271202,469785671,807388565,688846483,525724852,735594740,720536735,773550707,1205578938,712451373,750894487,863474191,894328968,946456326,984220713,1092387325,1006918342,1482553423,1164510708,1733942249,1242894472,1207495294,1665399097,1319200433,1561763837,2006000090,2195466536,2108243730,1640929392,1638370734,2679757000,1966059712,2267109479,2179171803,1908964436,2996887895,2259388103,2976913428,3423043347,3377364834,3418746588,3334884723,2714896557,3924116740,3733714988,3020596841,4136346578,4265392724,3432986395,3226570244,3463555361,5028162953,3449112918,5071166984,3789326458,4008434427,5650354325,5400532935,5768694245,5829064981,6198100144,4732168471,6274584685,6885909255,4898266400,6545963189,5113476739,7537178504,7572766589,7574569992