Name, AVG time (ns) ,NumberOfSteps,TotalTime (ns),Memory (MB),raw data time (ns)
VarPointsTo_minijavac_basic_MethodLookup_simplename,2.6533423009433962E7,531,14062714195,542,2878,2919,2932,3032,3037,3128,3145,3297,3309,3330,3334,3348,3350,3385,3431,3447,3516,3520,3560,3582,3614,3756,3799,3866,3896,3913,3950,3957,4042,4062,4170,4194,4310,4418,4455,4513,4665,4740,4787,4814,4829,4894,4897,4918,4925,4965,4972,5045,5132,5228,5330,5358,5398,5399,5405,5451,5526,5608,5713,5735,5778,5801,5855,5870,5920,5933,5937,5972,6047,6080,6141,6268,6282,6298,6440,6585,6668,6801,7008,7008,7085,7107,7150,7171,7222,7244,7248,7256,7326,7345,7373,7397,7407,7415,7522,7542,7736,7842,7926,7993,8171,8247,8516,8565,8585,8628,8713,8739,8882,8999,9054,9070,9115,9267,9364,9414,9477,9479,9501,9557,9907,10427,10454,10582,10604,10640,10699,10841,10856,11180,11255,11447,11461,11538,11573,11613,11742,11753,11812,11955,12127,12459,12469,13110,13621,13778,13890,14036,14086,14132,14252,14509,14888,15145,15192,15230,15315,15356,15485,15513,15638,16416,16622,16861,17123,17408,17532,17744,18254,18668,19088,19427,19459,19942,20259,20427,20685,20816,21373,21939,22388,22827,22933,23641,23748,23853,24106,24217,24314,26006,26433,26613,26866,27114,28022,28568,29092,29212,29644,31353,32255,32526,34096,34901,34932,36026,37768,39395,39515,39625,41518,43522,43522,44009,44203,45811,46479,48188,49695,49904,51258,51287,51479,51529,51709,51734,51760,53009,53029,53658,55670,55907,55978,59127,59199,59769,61781,61976,62960,65899,67631,68894,73918,73969,76307,76403,80226,81001,86468,88657,89948,90519,91656,91671,97243,105146,106834,107457,113186,113554,114268,116692,117211,118591,120103,121982,122439,125158,127433,130216,131893,137130,138173,139121,139266,139682,141548,142047,142224,142535,143578,146143,146476,148973,149235,152146,162454,163494,167858,168222,169271,177633,186146,188003,189279,192476,196815,197541,197722,204110,206786,209217,238084,251335,261481,264794,269237,269598,287130,289763,296367,298651,309813,312018,315904,328436,334756,341864,352795,353814,354722,362484,366072,366861,386328,392343,400747,408282,414819,426545,434437,444692,452725,452944,459485,485224,487937,512244,518999,525933,529697,532020,535450,537348,539505,546248,547390,548703,549692,557016,576525,577828,582037,602712,603265,605721,611119,618065,621251,622092,624052,624916,628329,630367,632614,643220,651003,651276,668842,670675,670734,673322,675456,676288,676465,679179,682247,695286,705079,721872,731133,736616,742968,769989,796066,801278,806249,809011,823604,840517,855953,857536,863905,880980,905638,907014,914836,923703,936976,948455,955570,960517,963922,980610,1007680,1022787,1045809,1090523,1146593,1151675,1166891,1175324,1178902,1190519,1194229,1272355,1283425,1311953,1321964,1338713,1355839,1372834,1387263,1440190,1441198,1445389,1503513,1505361,1511344,1515933,1520137,1534897,1556861,1557391,1600767,1601802,1642431,1674919,1693689,1706738,1856501,1867951,1875648,2156576,2211017,2215630,2220924,2294089,2314077,2549784,2563650,2672774,2750908,3059024,3070288,3089030,3091547,3167781,3542716,3561116,3626949,4260039,4915826,4957380,5492797,5711137,6088903,6373408,6465741,6600500,6643607,6665334,6677053,7114514,7213788,8453730,8719109,9117490,10284714,10409846,11144899,12931896,14541166,16056532,17254739,22128646,28521140,37691627,38672367,42450814,42914223,49899647,63237850,83048645,88099649,94166032,105153209,110210578,116231765,117923881,140994684,152851238,153324802,158450828,159869784,173134545,176338586,220306809,231656364,231949252,255614029,262011691,266727076,269677772,296449907,299791553,300506109,315182078,324756457,340543236,429421747,429464305,447917036,576674834,581363756,625804881,635477408,658511654,1320070617,2206434883
VarPointsTo_minijavac_basic_MethodLookup_simplename,2.6213359313207548E7,531,13893080436,560,2869,2902,2957,2976,2976,2983,2983,3055,3145,3146,3211,3275,3286,3425,3507,3510,3519,3519,3527,3698,3792,3823,3839,3848,3956,4009,4042,4109,4131,4181,4291,4334,4378,4391,4429,4463,4499,4601,4602,4727,4749,4759,4863,4871,4939,4964,4999,5140,5324,5349,5411,5501,5528,5588,5686,5739,5784,5843,5868,5898,5903,5997,6115,6130,6183,6247,6324,6328,6371,6375,6506,6530,6608,6669,6872,6898,6905,6945,6989,6998,7134,7137,7180,7218,7220,7261,7366,7396,7408,7411,7474,7553,7586,7656,7689,7750,7798,7863,8116,8390,8450,8479,8590,8660,8990,9011,9031,9047,9345,9357,9520,9606,9649,9706,9793,9845,9897,9918,10144,10197,10216,10248,10250,10252,10281,10318,10358,10367,10438,10642,10671,10771,10795,11375,11663,11786,12406,12590,12987,13113,13354,13386,14118,14240,14251,14498,14556,14698,14882,14928,14994,15110,15147,15345,15578,15903,16002,16424,16601,16874,17120,18125,18239,18348,18359,18415,18713,18834,19092,19151,19386,19437,19587,20288,20412,20500,21088,21650,21716,22878,23051,24262,24425,24583,24645,24854,25019,25211,25228,25492,25814,26192,26408,26747,27510,27685,28318,29622,30106,30393,32599,36345,37433,37513,37638,40029,40554,40680,40879,40908,42778,43180,43419,44920,45270,45893,47530,47556,49834,50391,50696,50782,51432,51906,52203,53417,53809,53887,54332,54399,56191,56932,57575,58921,60930,61397,64257,64762,65460,66791,67280,67332,68087,68309,69449,69782,69993,71121,74358,78320,84880,95313,97315,97691,108360,111370,117334,118934,120891,125082,127581,131100,135308,135658,137932,138325,138665,139000,140330,140408,141088,142876,143061,143904,143946,145892,146786,150285,152686,157306,157445,163810,168301,168414,168644,169061,169144,181619,183665,188488,188641,191235,192262,192275,194855,195715,202317,203838,204207,204729,206266,216365,220601,221882,222556,237916,246556,279329,280401,281070,289516,289803,294084,305766,332532,339764,342143,344902,346923,352012,353953,356051,356311,360570,367816,397200,410941,423900,439993,441256,445462,447615,454434,496752,507824,509757,515917,518858,522145,523850,541202,545583,547627,549401,551509,558561,566524,568897,572709,572959,579976,593254,597835,607186,609028,615060,622783,623416,630192,635258,638220,643892,645315,653500,655119,663112,664006,672233,674070,677626,679660,681263,699395,708397,719039,719823,722681,724506,743549,764030,773173,774066,780940,800196,802852,817054,820878,822600,837311,850401,851382,859799,923948,927426,930311,934057,957034,976377,986161,999934,1003474,1021864,1036000,1041536,1047895,1069206,1077984,1080207,1116677,1119061,1134040,1152364,1170319,1176167,1217114,1256041,1273549,1298293,1298965,1306073,1315487,1473152,1516172,1516609,1524565,1540798,1575504,1611170,1611624,1631985,1639888,1641547,1641590,1751721,1758783,1791745,1806407,1818752,1853600,1855112,1855419,1882060,1884216,1976232,2030431,2155246,2228703,2430858,2508938,2590384,2603765,2778679,2782714,2797435,3037998,3135460,3197462,3287282,3597629,3928015,4053757,4330580,4409909,4693883,5111571,5861236,6083063,6115031,6151767,6441145,6561625,6584922,6667696,7592117,8508542,9718413,10750022,11542475,12069793,12928926,13378849,13500003,14642868,17389158,24093199,27112765,30409314,35591489,42635905,43652154,51304065,58141465,86636045,89850526,100599037,108888860,109695724,126209841,134836403,142851178,146649939,153125875,154594785,175804863,176054952,182404309,197503073,208800483,210893735,248130198,250142490,265896817,277639807,294700576,297612458,303023807,312665695,318597321,319777279,331152742,333946394,423029327,464996307,510853323,556696881,578187708,651201918,678709635,1240607665,2033807298
VarPointsTo_minijavac_basic_MethodLookup_simplename,2.4244720479245283E7,531,12849701854,578,2311,2475,2511,2619,2623,2634,2687,2698,2711,2746,2749,2756,2768,2778,2788,2790,2847,2878,2981,3032,3095,3150,3188,3220,3259,3328,3404,3447,3468,3523,3556,3563,3571,3578,3600,3636,3653,3691,3696,3707,3731,3758,3770,3802,3817,3846,3862,3872,3945,3967,4020,4080,4093,4159,4307,4313,4343,4355,4364,4371,4438,4471,4490,4578,4669,4677,4906,4960,5003,5037,5045,5135,5141,5147,5169,5186,5210,5288,5397,5425,5427,5490,5540,5550,5551,5586,5753,5777,5868,5887,5959,6001,6018,6041,6164,6185,6191,6195,6319,6322,6456,6584,6623,6689,6763,6774,6905,6909,6944,6950,6981,7083,7229,7511,7537,7538,7641,7734,7795,7828,7905,7914,7932,7994,8142,8158,8244,8246,8290,8312,8330,8503,8508,8852,9058,9242,9247,9260,9304,9602,9658,9676,9760,9950,9960,9970,10061,10804,10927,11799,11960,12037,12099,12322,12603,13601,13793,13822,13874,13934,13950,14387,14433,14484,14581,14584,14801,14886,15098,15350,15532,16099,16113,16369,16537,16794,17119,17240,17430,18060,18103,18911,19000,19486,20139,20967,21655,21998,22266,22325,23159,23291,23379,24270,25349,25904,26973,27401,27474,29748,30807,31344,31380,31594,31611,31817,32016,32771,32816,33473,33728,33989,34280,34335,34424,34952,35239,35913,36253,36759,36772,36919,37179,37339,38019,38389,38451,39013,39511,40406,40931,44484,45408,46251,47489,49941,51010,51367,54153,54597,55094,55292,59188,61384,62903,63979,64867,65049,66511,66610,67487,68936,78207,78656,82859,93779,93969,97985,98041,102689,107160,109920,110679,112244,112322,114888,115459,116733,116756,117336,119421,119509,124672,126989,130167,130288,131710,132809,135481,137326,137771,138493,140437,142115,142837,143180,146003,151003,151736,152996,158170,159009,160954,161767,164613,166542,168471,180830,181381,184567,191676,196771,200024,205245,205303,209238,219406,222914,223369,230840,247561,253448,268804,272384,272930,280372,280780,281671,282820,289614,299921,303547,316573,318144,328227,328737,335870,336000,339102,350149,370962,371436,375091,376995,378211,390776,404398,414872,431979,434271,438091,442029,443624,447312,457298,457396,459407,468066,473513,476890,477492,482718,485617,488685,493415,498934,501489,503772,505024,506660,515815,521922,522731,529472,535621,535727,538621,542859,546881,558697,565748,566550,568023,576607,579535,583269,602661,606938,624430,630189,636883,636971,639885,645735,649449,654723,677402,687093,688059,698495,702604,710868,714944,715202,724536,729968,729979,732099,735132,737135,822397,840304,894641,895668,908652,911635,912460,938229,944949,945051,964687,967209,981272,1043325,1043520,1065551,1071226,1080756,1083280,1100375,1124660,1127896,1158707,1159970,1176140,1185302,1196240,1219248,1225945,1227219,1249062,1267389,1423191,1468746,1488502,1491840,1514291,1543745,1569365,1597767,1612074,1612940,1623291,1627360,1803129,1906793,1923669,1928650,1961502,2031492,2098194,2159705,2330397,2337985,2392303,2458435,2551717,2570716,2972475,3062022,3402750,3428296,3497357,3717710,4272637,4812906,4900995,5455260,5504861,5589991,5672703,5788139,6232892,6255875,6272814,6659668,6691909,7769974,10267865,10596854,10864797,12365353,13390681,13456579,16310407,17574213,26465870,33055322,38820629,39663725,41697351,43960428,62695111,76588507,80724648,81315653,90432441,97449694,101950932,115005710,126631518,127843906,137177497,140941095,143780889,150722716,172275303,191410102,194754698,196793979,198835337,199248542,203385387,203970597,207542211,253633268,278851553,279120663,297043053,320905684,340817033,383501922,417892026,453550952,521644832,535366669,660102484,688529585,1450360594,2096726853
VarPointsTo_minijavac_basic_MethodLookup_simplename,2.5580322033962265E7,531,13557570678,596,2488,2829,2865,2869,2911,2918,2968,2978,2999,3017,3021,3057,3101,3207,3218,3223,3313,3423,3431,3468,3552,3592,3632,3692,3757,3789,3792,3852,3880,4010,4022,4129,4252,4256,4261,4273,4284,4432,4494,4530,4547,4563,4604,4635,4668,4707,4737,4779,4836,4961,4972,5056,5106,5184,5224,5326,5364,5372,5419,5550,5611,5642,5799,5823,5831,5844,5956,5982,6233,6265,6285,6305,6342,6384,6564,6582,6715,6797,6853,6864,6927,6976,6981,7009,7105,7150,7175,7221,7240,7289,7350,7379,7572,7633,7664,7717,7744,8008,8111,8165,8169,8210,8303,8455,8516,8541,8639,8947,8952,8972,8981,9072,9142,9145,9506,9672,9870,9947,10076,10167,10175,10217,10533,10836,11108,11577,11605,11677,11733,11805,11818,11847,11872,12094,12194,12252,12582,12693,12736,12788,12816,12816,12822,12949,13021,13163,13345,13382,13622,13867,13930,14361,14793,14918,15326,15692,16122,16188,16285,16482,16516,16572,16596,16627,16669,16684,16865,16888,16939,16982,17104,17180,17358,17666,18796,19055,19095,19439,20234,20684,20872,20906,21063,21377,21685,22391,23372,23416,24033,24038,24236,25344,25887,25898,26280,29178,30211,31805,31939,34225,34331,34588,35206,35263,35271,35394,35666,37579,38080,38606,39324,40546,41819,45655,45720,45759,46182,46621,47169,48478,48979,49878,50110,50939,52625,52752,53594,54684,56269,56758,56954,60673,60680,63869,64662,65609,66121,66513,67366,68885,69283,70194,70820,72356,75520,80845,85106,85499,92709,93660,96835,99042,105488,108334,108775,109404,110664,111444,113004,114012,114509,115740,116265,116805,117738,118790,119543,120274,122601,124014,130232,130304,130955,131288,132088,132195,132485,133313,135327,136925,137576,141311,141431,142550,143029,144032,147354,147713,160182,160231,163928,171391,174178,180471,182492,189340,194013,198491,198595,207266,207744,212563,216297,238813,239169,239716,250404,267638,269391,301255,307842,311108,313025,314558,317352,318523,324979,330110,338085,338788,343222,346982,355003,360312,363203,364508,364809,372741,388648,415283,421266,433089,448516,464837,469069,470542,488442,491627,494307,503324,504645,507458,509371,512347,515128,515624,520660,522200,530542,541968,553214,555263,570693,574402,582925,590322,597183,598307,598565,598717,600653,601344,602784,606980,607355,607852,625742,646104,652414,660215,663183,663345,664575,670685,679563,680962,684010,687337,695874,700683,704421,719580,721145,727725,731720,738957,754043,767113,769335,778477,778717,781982,807421,862730,879016,891705,892498,896151,903841,920329,927744,940111,943030,943441,963164,979442,1032864,1033681,1066458,1071408,1074803,1078504,1090549,1094639,1140743,1156658,1173669,1177779,1265282,1277894,1314501,1377630,1401551,1417703,1441252,1448721,1482195,1495382,1504951,1512888,1521087,1549550,1570524,1577619,1591394,1600295,1639226,1713020,1731995,1880270,1887722,1894673,1931725,1944765,2063979,2140125,2171641,2179752,2362212,2410314,2478954,2498000,2565544,2830935,3009009,3168278,3184857,3247763,3416209,3450272,3585390,3726816,4237529,5533845,5841565,5911370,6710852,6751683,6935192,7208081,7886083,7930797,7987409,8099559,8153700,8329186,10241041,10856688,11121059,11523627,13235801,13707296,15505686,16331463,20095908,28263297,37202759,39275641,40586936,41709644,57615532,57685179,61842405,83369351,92532355,100555501,107233154,108213693,108382934,113555842,124719009,128944013,143429997,148679778,156897354,199606331,202250754,204833044,216723754,220513227,224656487,235078336,244396700,249240595,281050825,286798926,305047195,307839668,308444563,311587274,336253761,369836448,444350864,463845383,520986662,534854779,654114977,821524266,1457669469,1979075801
VarPointsTo_minijavac_basic_MethodLookup_simplename,2.735752912075472E7,531,14499490434,614,2238,2826,2941,2957,2976,3000,3019,3056,3074,3122,3124,3149,3156,3190,3197,3206,3217,3308,3317,3319,3329,3341,3367,3370,3461,3467,3641,3750,3896,3959,3974,3999,4030,4058,4092,4116,4153,4166,4198,4259,4271,4323,4358,4367,4376,4390,4461,4522,4524,4547,4576,4672,4679,4735,4749,4769,4848,4873,4877,4897,4952,5001,5036,5063,5073,5074,5104,5135,5258,5260,5270,5273,5320,5357,5364,5410,5512,5564,5606,5674,5783,5826,5885,5923,5924,5934,5970,6000,6051,6106,6128,6222,6307,6349,6356,6380,6527,6537,6611,6697,6719,6720,6762,6793,7095,7096,7150,7273,7378,7513,7518,7535,7583,7679,7690,7762,7804,7837,8281,8370,8570,8680,8868,8904,8922,8987,9224,9610,9704,9706,9908,9976,10124,10325,10511,10611,10611,10626,10740,10810,11374,11515,11534,11638,11781,11849,12190,12330,12375,12481,12622,12762,12793,13092,13119,13205,13350,13593,14157,14169,14579,14590,14739,14822,15416,15630,15721,15753,15802,16401,17012,17070,17195,17294,17334,17580,18870,19242,19567,20530,20774,21086,21766,22068,22131,23183,23994,24598,24749,26300,26415,26698,26882,27748,30328,31034,31293,31387,32405,32627,33142,33450,33595,34965,35016,35607,35823,36619,36654,36677,37145,38265,39455,40260,40383,42488,43287,43378,43484,44576,44629,45225,46974,47136,47138,47140,48215,48279,49872,51025,51206,51372,51503,51641,53613,54187,57842,63075,64626,65398,67250,68027,71267,72276,72367,73849,74437,75501,79206,82484,83835,84558,88346,89111,95920,98164,98235,99691,109390,110702,111233,112877,118858,120172,124296,124507,130327,132180,132439,134351,137617,145766,154823,157134,159397,159943,162097,169256,170847,172891,173341,178833,179488,180542,184754,185553,185898,188820,190906,191207,191479,197031,206497,210750,213748,215434,217081,222594,224743,226259,228760,237531,239830,244603,249636,256142,256317,262117,269186,275091,293849,301933,314455,319919,320598,328965,345142,348872,349073,350215,353424,353576,367385,369939,380040,391434,396408,396503,415015,433014,433643,441940,476197,479919,490467,497566,499130,499886,510474,516008,525989,530261,541360,555619,557101,560927,571259,577697,577699,578176,579685,586120,588795,588926,593680,604529,609551,610280,611355,627018,627332,629544,643969,657523,660584,663276,666051,673669,680810,687971,699255,708258,721966,733896,735530,744286,763901,766765,769758,772347,776368,783912,795676,803758,806922,812793,849547,868826,923323,935044,955789,963673,982065,982814,983418,1003078,1052936,1056801,1079254,1088864,1130085,1142301,1153918,1163189,1176041,1191625,1202718,1228930,1232526,1258987,1301150,1305220,1324404,1353685,1369070,1369337,1399974,1402848,1410268,1452138,1456850,1482786,1483951,1490325,1495138,1509664,1524668,1559953,1567950,1574946,1585008,1594545,1611155,1795224,1814487,1828012,1955435,1978052,1983201,2009553,2038496,2045881,2132189,2233202,2252074,2329617,2361568,2375811,2391588,2461954,2490516,2511874,2557174,2563536,2579657,2614044,2693537,2986389,3268044,3506758,3631389,3782873,4303502,4364594,5239321,5714977,5752640,5813469,6017947,6314460,6353228,6937294,7010910,7076791,7142201,7250442,8136618,10004450,11406419,13695254,14983559,16225000,18109739,18262841,18638359,18866215,30482607,38198104,38926991,41136625,41280709,43199393,52422719,66452767,104656926,109581793,109989840,116917605,123721182,129475956,136480593,146176538,162846994,166610178,180936208,183812909,200051495,200191855,223684124,224412910,234716520,260052906,267378421,309705590,318901179,319927426,326507398,331557914,340397309,376760403,383435398,398377178,426038483,435409901,528364381,640826827,705637366,744000142,1201611040,2657146011
VarPointsTo_minijavac_basic_MethodLookup_simplename,2.355450987735849E7,531,12483890235,632,2087,2209,2359,2375,2436,2458,2517,2531,2561,2588,2592,2629,2630,2633,2654,2678,2680,2684,2728,2733,2765,2778,2803,2806,2835,2858,2871,2939,2951,2961,2994,3045,3048,3050,3095,3114,3127,3206,3342,3343,3358,3375,3416,3425,3427,3436,3484,3497,3528,3549,3564,3564,3645,3648,3692,3778,3807,3830,3837,3871,3898,3907,3925,3926,3937,3963,4011,4020,4022,4042,4100,4101,4168,4172,4285,4341,4349,4381,4417,4450,4481,4498,4515,4652,4755,4756,4761,4770,4786,4800,4820,4947,4986,4994,4996,5077,5114,5124,5128,5135,5166,5241,5242,5260,5340,5567,5697,5814,5834,5899,5922,5972,6000,6090,6098,6111,6162,6229,6552,6619,6696,6768,6836,6883,6973,6974,7105,7295,7344,7357,7461,7552,7705,7733,7761,7835,7951,8201,8220,8225,8460,8841,8914,8996,9064,9293,9327,9350,9558,9570,9711,9754,9777,9892,9960,10059,10074,10104,10176,10693,10760,10776,10783,11124,11132,11622,11734,11791,11875,11918,12080,12474,12688,12852,13202,13535,13602,14023,14364,14464,14535,15001,16216,16504,16631,16765,17150,17649,17833,18238,18398,19660,19713,19991,20662,22085,22250,22374,22799,22856,23343,24656,25013,25631,27247,27802,28081,28789,29822,30678,30737,31193,31519,32845,32855,33337,33453,33615,34686,34818,34911,36740,37246,37668,38646,38667,39123,39940,41072,43725,43837,44397,44779,45875,46244,46423,48312,48777,50774,53211,53236,53344,54107,54930,55140,55209,55592,58968,59940,62023,63316,64343,66648,66692,75047,78671,80492,83514,97487,102858,103840,109975,110339,110714,111944,115191,117082,117977,119073,119317,119943,120262,121003,121886,128222,130852,133703,136006,136560,137782,138547,138880,141214,143481,144025,144145,145437,145961,146126,149519,157198,157807,158085,159790,168873,169938,174625,191851,194419,194563,198393,198892,206293,207167,214146,214893,215147,217544,226266,237184,243980,248188,259788,265047,284420,285550,288613,290455,297203,298075,303210,312630,313456,316999,321191,321710,329019,333920,346228,353966,361942,382351,397666,413569,438961,447287,454144,470729,472103,473835,474828,475959,477930,480231,482994,484374,493457,503967,511952,514423,516130,518273,521421,524311,525367,529381,535369,540078,548099,555531,560719,568323,571475,572881,573500,581249,583414,584557,589106,590222,593362,596398,599701,601484,603143,605244,610505,631735,646918,663202,665768,674256,678531,692341,696237,697333,698387,710332,728566,732379,743482,746968,756666,764479,779993,782987,787246,799132,811012,862775,863963,880404,887727,902044,918466,925670,944357,953630,997757,1015536,1022442,1054102,1059482,1082438,1105142,1108334,1112603,1131190,1140197,1150699,1172453,1181483,1187115,1208055,1212180,1219320,1297965,1308619,1319110,1326191,1341433,1387734,1402125,1443109,1470381,1481861,1535357,1549253,1578225,1581402,1613711,1614519,1632425,1721990,1798980,1833783,1858977,1947618,1959825,1989310,2063963,2243432,2343951,2354184,2531411,2712128,2747597,2776271,2909432,3015174,3147315,3469345,3550411,4043118,4300100,4792546,5516871,5523609,5525181,5610064,5625734,5749899,6156519,6304217,6356331,6614202,6915353,8319933,10126232,10541918,11884325,12374855,13441551,13963026,15809677,19224523,25477793,35900198,38147978,39403514,41768332,42967222,62497659,75712792,78499769,80866773,88118201,100811698,109486963,116890923,127668294,128228959,135725642,140999130,141381229,148889772,165646974,193074176,194509100,199216293,199608341,201750582,203476004,208493016,214551935,221429859,237624217,294535580,300061245,315354207,342204798,357407281,365222075,417127057,447361546,519461974,541039753,583976079,1637070779,2008985685
VarPointsTo_minijavac_basic_MethodLookup_simplename,2.5127447941509433E7,531,13317547409,650,2322,2350,2523,2543,2658,2700,2702,2705,2706,2738,2751,2751,2791,2791,2800,2802,2808,2810,2870,2880,2898,2993,3014,3046,3053,3091,3114,3120,3141,3205,3257,3258,3260,3320,3471,3475,3516,3534,3620,3638,3703,3746,3851,3886,3892,3901,3925,3937,3969,3971,3977,3980,3999,4040,4041,4055,4087,4119,4128,4168,4175,4183,4187,4188,4250,4260,4272,4310,4329,4411,4424,4477,4485,4490,4515,4564,4564,4568,4572,4589,4630,4659,4703,4712,4774,4792,4825,4830,4881,4930,4948,4977,5089,5090,5095,5113,5131,5154,5192,5284,5366,5430,5572,5582,5646,5683,5707,5719,5775,5896,5913,6107,6163,6233,6463,6547,6569,6599,6604,6625,6655,6745,6785,7030,7115,7173,7327,7632,7791,7964,8060,8064,8088,8170,8185,8716,8742,9031,9081,9107,9171,9243,9260,9315,9725,9739,9887,9914,9921,10276,10297,10305,10513,10527,10852,10854,10920,10930,10943,11041,11119,11133,11286,11546,11698,12082,12293,12889,12981,13122,13251,13382,13421,13529,13821,14111,14321,14343,14482,15062,15114,15204,15618,15945,16064,16725,17134,17337,17777,18214,18514,18817,19162,19703,20320,21376,21997,22322,22845,23243,23371,23656,24401,24629,24705,25239,25588,27229,29606,30626,30923,31195,31305,33497,33767,34527,35155,36303,36894,37194,37741,38848,39194,40233,40811,41066,41282,41812,41830,42554,42696,42924,43215,43954,44470,44474,45597,47092,49291,53527,54732,54788,55033,58293,61320,64322,64516,64829,65505,65703,68431,70254,71875,76215,76556,78516,88194,89466,104831,106777,107010,109045,109610,111989,112017,112936,115864,115908,116682,116787,117598,118073,119054,119735,120089,130582,133308,133696,135041,135540,135556,136920,137558,139276,139466,140471,142806,144291,145474,146426,147530,149446,154545,157367,161604,173122,178903,180587,184771,188159,192951,199637,200294,200390,203297,216085,216627,218970,219442,236811,237090,272115,279207,295223,300526,306790,309424,310557,316527,327817,328330,329149,332784,337149,344033,355833,360479,362463,364223,366675,367721,400217,423908,445019,445198,453527,467516,471746,472226,478654,481783,495578,499923,500281,503885,504009,507143,511437,514828,515956,520207,520820,522536,522550,524484,527942,528826,536421,540332,541345,544378,548231,552634,564849,568401,568613,571736,577185,579854,595140,596735,600594,600874,604788,614471,617704,617822,620778,630810,636549,638859,664013,664551,678076,685896,698674,713237,716148,719468,736348,739192,746769,747771,795166,796462,829485,836363,875303,888933,899083,919128,933544,943209,954003,955757,966824,973397,981497,1033300,1052798,1062064,1074651,1079706,1082364,1090406,1109768,1117142,1134701,1144755,1148717,1195141,1209911,1223797,1225652,1246477,1249384,1292774,1306509,1336314,1379959,1384310,1430434,1493319,1555012,1669790,1701854,1797052,1799293,1814388,1832285,1843259,1867071,1887420,1897507,1923400,1924053,1959594,2020612,2245091,2256623,2286844,2360266,2456382,2459645,2490913,2551075,2710424,2756339,2859109,2882981,3256333,3938252,3991464,4238442,4677361,5409144,5753498,5850127,5898387,6018303,6129592,6381238,6460542,7034529,7142041,7310365,7579937,8497699,10606963,11115010,11270418,13296670,13782884,16494440,17060705,18782201,27149207,34313016,39966077,41601510,41677025,55460143,66579490,82561814,83940157,86620952,91997626,105527031,106944474,115444444,126217973,157712434,164412332,164928790,166560628,168515504,184003797,193672194,211758199,213746808,237851391,245762251,263528229,279071043,292574163,292724847,304168526,312299910,318784555,333238329,345815065,373483096,507930729,509549807,520781974,565583893,605785944,617504064,1297109062,1989126471
VarPointsTo_minijavac_basic_MethodLookup_simplename,2.3275686126415092E7,531,12336113647,668,1654,1746,1788,1859,1925,1986,1998,2037,2052,2071,2110,2161,2233,2233,2241,2293,2465,2467,2527,2547,2586,2609,2635,2641,2649,2668,2691,2711,2737,2751,2770,2770,2835,3054,3093,3236,3238,3277,3294,3312,3368,3388,3395,3406,3437,3442,3455,3466,3472,3510,3535,3541,3544,3566,3579,3585,3588,3623,3651,3672,3684,3685,3686,3689,3707,3718,3732,3794,3808,3851,3863,3901,3934,3944,3954,3969,4023,4059,4085,4148,4161,4176,4215,4251,4318,4349,4365,4402,4423,4446,4529,4617,4652,4668,4674,4683,4703,4857,4877,4958,4963,4999,5019,5100,5111,5134,5145,5172,5206,5223,5257,5388,5395,5429,5531,5775,5836,6182,6286,6453,6561,6580,6638,6742,6794,6842,7005,7100,7126,7140,7194,7400,7712,7958,8209,8432,8606,8740,8826,8999,9024,9145,9243,9391,9515,9551,9785,9796,9839,9862,9888,9901,9929,9978,10092,10212,10235,10314,10767,10793,10856,10925,11780,11837,12066,12099,12313,12646,12799,12800,12937,13086,13346,13482,13566,13612,13751,13990,14264,16306,16576,17691,18156,18227,18369,18547,18863,19229,19840,20041,20094,20242,20727,20765,20875,21568,21646,22000,22027,22281,24083,24309,24606,28501,29903,29995,30195,30963,31521,32017,32823,33109,33584,34436,34509,34636,34701,35126,35243,35556,37315,37504,38113,38641,38727,38734,38794,39154,39540,39580,39653,40114,40233,40726,41481,41757,42877,43976,44479,44997,46306,48166,48818,50351,51020,53962,56720,58440,59511,62726,66317,72842,75383,79789,84201,97189,98454,101880,102424,102745,103035,105885,108642,109179,111074,114317,115692,117412,117520,118590,119595,120365,122233,123697,124920,126176,127820,133166,134062,134073,134449,135153,137309,137316,138627,144591,149468,153212,155316,155829,156362,158342,160144,163609,164951,175039,181042,190066,195988,198192,198524,198915,202732,210247,211024,215680,225002,228084,233232,234175,234859,246787,264005,270774,279299,285540,287854,289471,290801,300829,305505,306428,314276,317292,321739,335032,340027,341168,345956,370387,400986,402426,405572,454924,457540,463392,478536,480214,481720,482843,484258,488534,490400,491959,493326,494044,498841,500081,500303,502052,505744,509738,514907,521485,521903,524211,534482,538030,541069,545561,546602,550726,552798,558697,560243,563797,565451,565996,569312,574000,575071,579098,580737,583985,585174,589885,599216,599905,602667,610810,612290,621394,629796,665445,690790,693567,693831,699431,710052,725851,730794,733181,753444,758405,762878,782138,783063,851735,862398,874028,893719,924248,930622,936174,938301,946402,951187,960551,977145,992499,994540,1039723,1043263,1044374,1065350,1090465,1107319,1130443,1135850,1170102,1177959,1206607,1208144,1243670,1256197,1290896,1294482,1312230,1325476,1333242,1338673,1341769,1366864,1407000,1454460,1461253,1482854,1496455,1543198,1567376,1568040,1601534,1660192,1664897,1737261,1766885,1790188,1837182,1998076,2038403,2112556,2277555,2332630,2360402,2461731,2601088,2626748,2793612,2907038,3027279,3282178,3487608,4146053,4363660,5253251,5507015,5530893,5744081,5785826,5801071,5893889,6173181,6387494,6401655,6935848,8278383,8705675,10313659,10555040,11264988,12391152,13237269,15758975,17294145,25294600,25467772,25659413,32402449,32900598,38163971,40027566,40829677,42387562,62661075,74528196,77954716,85024226,88426913,99299917,103528470,111738389,114736722,126345740,138591629,147524645,149321747,150308639,170853700,194073430,195434515,196932550,202127402,222654747,228789790,230010033,239774965,244843450,287985075,290314258,290683244,295669704,316780919,371534319,377749759,410021758,464873440,605532281,798220001,1600406341,1929746223
VarPointsTo_minijavac_basic_MethodLookup_simplename,2.4689514133962262E7,531,13085442491,686,1570,1672,1703,1786,1800,1832,1872,1887,1904,1921,1922,1965,1980,2029,2042,2046,2066,2080,2088,2106,2135,2155,2173,2176,2176,2179,2202,2265,2289,2304,2330,2354,2377,2430,2470,2585,2635,2670,2675,2756,2997,3005,3023,3056,3076,3093,3159,3239,3247,3347,3441,3468,3472,3497,3497,3497,3515,3524,3532,3582,3601,3635,3638,3667,3690,3702,3702,3747,3751,3792,3808,3812,3842,3844,3917,3920,3928,3968,4001,4014,4015,4030,4038,4087,4104,4110,4111,4122,4138,4175,4216,4250,4266,4302,4373,4401,4428,4433,4458,4537,4711,4738,4746,4759,4804,4822,4844,4944,5079,5137,5150,5270,5286,5295,5403,5555,5564,5570,5614,5829,5836,5859,5937,5967,5990,6011,6081,6202,6226,6331,7144,7259,7372,7375,7432,7479,7701,7811,7928,8212,8515,8807,8841,8936,8968,9107,9252,9366,9595,9675,9771,9940,10006,10123,10132,10667,10728,10940,11070,11327,11612,11943,11963,12023,12164,12276,12486,12544,12749,12821,12882,13041,13067,13759,13782,14258,15129,15286,15874,15896,16270,16309,16377,16730,17499,18127,18163,18326,19144,19690,19829,20488,20967,21334,22284,22760,22816,22853,22874,23003,23754,24884,26138,27412,29371,30774,31043,31145,31679,31837,32328,34008,34064,34369,34553,34995,35065,35285,35541,38076,38710,38964,39055,39223,39504,39776,39902,40222,40495,41822,41886,42285,42299,42314,42347,44538,44623,44875,45329,46692,47092,52307,54464,54614,55008,55819,57384,57745,63858,65234,66701,67096,68834,81751,83644,85596,92670,95522,103760,106537,106903,109350,111378,111918,112062,114694,115294,116140,116558,117933,119257,120361,120953,122160,125316,125905,131996,133572,133614,135503,135569,137111,137544,138247,139231,139755,140539,141979,144812,147710,149402,154997,160280,167716,169412,169429,179087,186249,189940,191941,193826,193962,195133,202489,210110,211924,212350,222472,224126,239196,246280,272677,281683,284005,288637,297257,300575,301508,312411,317049,319493,323972,327721,328779,335769,350395,360685,365793,371476,375998,377086,391016,414454,432930,433402,439608,440086,452365,454668,464523,468584,471657,474609,479512,486177,495490,500424,503987,508578,511304,511861,512701,512865,513160,514494,519429,519895,521407,523801,524809,536492,537936,539933,543195,545324,546804,561219,563224,575818,578599,583116,590368,592062,608886,609074,619355,626361,627929,633531,643402,665528,673362,688019,698669,700629,704946,706088,713616,723613,730144,756259,756317,758789,765665,774716,799284,839691,843743,845060,845202,886324,902171,919915,923379,932358,934899,936750,964705,980398,1020537,1022260,1022421,1061323,1064423,1070585,1076374,1094753,1112558,1119731,1125841,1212886,1237270,1246191,1258882,1270727,1282990,1298727,1321593,1336605,1338894,1348031,1351669,1361867,1471741,1513634,1549711,1555552,1565573,1635378,1756305,1793337,1829866,1856337,1898565,1906239,1921049,1955590,2063561,2233620,2330283,2342230,2411356,2434214,2445186,2493843,2573104,2693252,2791488,2921457,3414610,3474911,3528454,3627643,3973169,4380368,5595409,5600943,5794594,5901888,5964642,6121035,6223711,6377410,6639164,6718978,6847675,7259707,8090252,10303211,10431117,10663644,11696220,12335513,13455050,17125654,17608628,26901194,34273748,39597835,43547232,44412626,44819466,61682854,82356763,86314547,86540314,88405916,109212353,110794083,113193527,125097912,129610194,148730996,155844263,167398789,172345713,174399467,179496097,187561869,202897811,228220753,241825387,266899152,288778784,292133909,300426777,301875888,307305818,319289844,330946974,444831995,445342584,446467088,461777995,523327824,538617057,563178518,570160009,1289307112,1949847226
VarPointsTo_minijavac_basic_MethodLookup_simplename,2.565399626037736E7,531,13596618018,704,1624,1736,1756,1788,1841,1860,1881,1926,1931,1944,1961,1961,1997,2005,2019,2072,2080,2110,2240,2255,2260,2288,2343,2352,2377,2388,2426,2519,2551,2601,2773,2836,2924,3006,3037,3075,3103,3106,3107,3165,3234,3279,3282,3313,3366,3368,3429,3454,3471,3482,3514,3522,3636,3681,3694,3715,3752,3809,3818,3849,3869,3871,3887,3969,3981,4016,4031,4044,4061,4160,4171,4176,4177,4177,4186,4202,4289,4337,4350,4360,4378,4385,4388,4457,4465,4495,4559,4599,4643,4694,4714,4761,4768,4782,4851,4915,5093,5122,5160,5234,5288,5314,5403,5462,5590,5657,5687,5782,5881,5889,5926,5984,6003,6045,6049,6332,6357,6453,6506,6717,6863,7078,7079,7432,7517,7603,7662,7705,7752,8099,8168,8399,8516,8552,8571,8578,8597,8729,8789,8875,8880,8884,9149,9199,9201,9410,9414,9486,9858,9883,9907,9927,9986,10036,10154,10359,10677,10763,11166,11711,11932,12069,12110,13060,13083,13294,13444,13520,13520,13599,13630,13809,13863,14012,14019,14213,14373,14789,15111,15287,15714,16236,16844,17735,18070,18115,18315,18724,18769,18987,19806,19927,20734,21107,21345,21773,22071,22422,22780,23013,23077,23251,24642,28789,29143,30304,30515,30841,30882,30912,31018,31480,31513,31731,31979,32302,32563,32606,33215,33398,35187,36086,37509,38007,41578,41646,42198,42847,43972,44155,44994,45536,45981,48258,49444,52088,52310,55047,55770,57251,58693,59051,59061,62884,63289,64646,66442,66844,69126,72053,76386,77127,77829,80773,89678,89684,96637,102089,104214,106743,106859,107515,108759,109744,112819,114207,114638,115041,115674,116861,116898,120326,123325,124461,127812,128504,129039,129884,130199,130900,133517,134329,137598,137725,139094,154522,157189,160171,162093,164867,166302,173068,184023,184326,189671,189852,201795,207480,217671,221489,222454,225132,230342,232912,236908,243363,247162,252003,252620,255769,278947,283241,287403,293377,320709,321363,333468,334587,335620,337663,338299,341478,345495,352321,353407,363900,366822,371232,372520,389965,401500,417062,419539,423513,434283,452772,457145,467191,475161,489691,489917,492265,492276,497078,497131,497331,499092,499341,504028,511723,511823,525866,543401,545880,548462,554987,565494,573953,576448,592595,600719,603075,634967,635382,640090,646977,648329,664572,667440,682858,685175,690556,695222,698417,706010,713331,715640,737899,745625,746062,750472,761914,763470,766082,789074,820086,828484,844477,846673,853038,865397,868450,870650,900912,903836,910099,910408,942134,947143,953921,976814,980875,988043,998023,1004631,1007626,1083247,1085170,1105369,1130080,1169713,1177340,1177524,1183653,1188591,1202772,1213346,1229807,1257516,1259429,1279695,1303800,1312208,1363525,1385346,1403683,1428417,1491244,1501994,1513684,1535000,1550440,1554328,1580749,1631756,1668921,1671154,1685381,1694797,1720834,1728117,1844621,1904916,1959713,2008378,2047165,2075977,2231612,2234797,2244514,2371179,2388047,2509458,2546080,2600219,2620747,2849649,2871537,2980730,3087436,3474250,3642931,3791533,4237489,4875244,5272186,5574631,5867776,5917795,6401561,6456570,6590342,6644488,6780965,6913339,6927990,7874265,7967396,9834888,10591952,11843041,12907620,13483380,14480701,17918456,18005272,29241004,37285744,38787812,41310738,41684946,45650392,61917584,81336177,88900811,89142633,102874542,107676428,119054495,126585358,135556129,149157324,155147434,157393381,165527647,190434067,199418156,200285618,222501305,224257852,226578201,230339203,255121557,266942451,267794468,269980442,278000469,286465085,301249673,341738568,346934607,438253752,447454409,458530368,512209936,525991389,548352605,766538963,1726105746,1911758222